{
  "project_info": {
    "project_number": "704929489176",
    "firebase_url": "https://fir-crud-11c1f.firebaseio.com",
    "project_id": "fir-crud-11c1f",
    "storage_bucket": "fir-crud-11c1f.appspot.com"
  },
  "client": [
    {
      "client_info": {
        "mobilesdk_app_id": "1:704929489176:android:443bca2bb3a2463d8a3e6d",
        "android_client_info": {
          "package_name": "com.dankie.jesu"
        }
      },
      "oauth_client": [
        {
          "client_id": "704929489176-1hqf89fidijt4m9vrnlurunsi3ftt2gq.apps.googleusercontent.com",
          "client_type": 1,
          "android_info": {
            "package_name": "com.dankie.jesu",
            "certificate_hash": "6e01b98ce8a95af360ae4e2cee124682f1cb2bfa"
          }
        },
        {
          "client_id": "704929489176-nkop0im085muei15k9rao6pmnfjsh0vt.apps.googleusercontent.com",
          "client_type": 3
        }
      ],
      "api_key": [
        {
          "current_key": "AIzaSyA1ZPFLe-6m2eWmdHq2tDkKam2iaOZOQXk"
        }
      ],
      "services": {
        "appinvite_service": {
          "other_platform_oauth_client": [
            {
              "client_id": "704929489176-nkop0im085muei15k9rao6pmnfjsh0vt.apps.googleusercontent.com",
              "client_type": 3
            }
          ]
        }
      }
    }
  ],
  "configuration_version": "1"
}