{
  "project_info": {
    "project_number": "160738006805",
    "firebase_url": "https://broken-stool-flat.firebaseio.com",
    "project_id": "broken-stool-flat",
    "storage_bucket": "broken-stool-flat.appspot.com"
  },
  "client": [
    {
      "client_info": {
        "mobilesdk_app_id": "1:160738006805:android:a7f60224002811c1403b1c",
        "android_client_info": {
          "package_name": "com.dankie.jesu"
        }
      },
      "oauth_client": [
        {
          "client_id": "160738006805-66cksfoqr042ub9qb0duq63frail3154.apps.googleusercontent.com",
          "client_type": 1,
          "android_info": {
            "package_name": "com.dankie.jesu",
            "certificate_hash": "6e01b98ce8a95af360ae4e2cee124682f1cb2bfa"
          }
        },
        {
          "client_id": "160738006805-bpf7gfbrmk3abvd06r56pa96m8lsk4e0.apps.googleusercontent.com",
          "client_type": 3
        }
      ],
      "api_key": [
        {
          "current_key": "AIzaSyD_XEElgB8__JxzrHo93LNT7RVOzj_Ds3I"
        }
      ],
      "services": {
        "appinvite_service": {
          "other_platform_oauth_client": [
            {
              "client_id": "160738006805-bpf7gfbrmk3abvd06r56pa96m8lsk4e0.apps.googleusercontent.com",
              "client_type": 3
            }
          ]
        }
      }
    }
  ],
  "configuration_version": "1"
}